variation,completed,total,completion_rate
Control,15434,23532,0.6558728539860615
Test,18687,26968,0.6929323642835954
