Variation,process_step,total_errors,backward_count,error_rate
Control,confirm,2270,859.0,0.37841409691629957
Control,start,37976,0.0,0.0
Control,step_1,26180,2503.0,0.09560733384262796
Control,step_2,24429,2167.0,0.0887060460927586
Control,step_3,20549,4253.0,0.20696870893960775
Test,confirm,4411,498.0,0.1128995692586715
Test,start,47031,0.0,0.0
Test,step_1,35634,6408.0,0.17982825391480048
Test,step_2,29665,4785.0,0.16130119669644363
Test,step_3,24114,4754.0,0.19714688562660695
